username,tweetcreatedts,text
mrbabymochi,2022-07-16 17:38:53,"Pilihan terbaik pembuka konser setelah pandemi ini konser epik high.
Dari promotor yg bener2 professional bangeeeeet, penontonnya ga ada pake lope lope ga ada bando tuing tuing, ga anarkis, pada santuy, tertib, nurut. Waktu konser sama meet &amp; greet pada pake masker ga lepas ğŸ‘ğŸ»ğŸ‘ğŸ»"
Fasa77342812,2022-07-16 17:17:42,@kembarannever @idextratime nangis liat lu jamet ğŸ¤£lepas dong tuh masker ğŸ¤£
parisinthelune,2022-07-16 17:13:48,@kaivanotes @Elitedly Jangan lepas masker lu sampe space berakhir
gwultramanribut,2022-07-16 17:06:04,"TEMEN BARU GW ADA YANG MIRIP HISENG (pas pake masker) MOGA PAS DIA LEPAS MASKER GAK ZONK, GAPAPA GAK MIRIP BNGET YG PENTING CAKEP DAN GAK ZONK"
mr_zhik,2022-07-16 17:01:59,"RT @unkwn6969: Lagi hamil, baru pulang dari kampus belum ganti baju, belum mandi, udah langsung digenjot sama temen se kost, digenjot kenceâ€¦"
doyoungshn,2022-07-16 16:08:56,"@lmarkith gue sisanya kalo gitu, ni lepas masker doang hampir sejuta ye viewsnya"
Lia_Jenrbyjn,2022-07-16 15:48:19,@N4diaAyY @tanyakanrl Aku kira udah ilang. Padahal baru kemaren lepas maskerğŸ˜”â˜ï¸
awrelli3,2022-07-16 15:34:54,@tanyakanrl tp lbh enak lepas masker ğŸ˜”â˜ï¸
mightnare_,2022-07-16 15:27:44,"@Iyadapa10 mmps gantengğŸ¤©

masalanya mo swami km ga lepas masker jg yg demen dh bejibun palagi cem ini hdeh"
kuilohopo,2022-07-16 15:12:27,@tanyakanrl @pIatonicc Kwkw iyaa kek ga nyaman aja kalo lepas masker
muggleindaeyo,2022-07-16 15:10:50,"mas sonnalisa, tolong dong bilangin ke sohibmu itu kalo main ke pantai mbok ya maskernya di lepas. masker udah basah begitu jg tetep dipakeğŸ¥²"
borahae7G,2022-07-16 15:08:00,"@rara_idaayu Jadi gini, karena acara hobi itu party artinya pasti pada lepas masker (minum, makan) si yoongi yg demam mutusin buat ga dateng untuk jaga2 takut + CVD. Setelah pcr - dan demam turun dia aktivitas normal."
dlmldimi,2022-07-16 14:48:45,"AKU PGN PEDE KAYA ORG LAIN, LEPAS MASKER DI PUBLIC, TAPI AKU KAYA SUSAH BGT PEDE, PENGEN CANTIK"
NG_Azizah,2022-07-16 14:18:25,"Di tempat ujung lor Jogja, ternyata satu tour wisata sama alumni 26, tapi baru tau pas akhir lagi foto karena dari awal  gak lepas masker. https://t.co/a6jCC3VbSP"
convomfs,2022-07-16 14:05:09,"ğŸ’­ gesss serius nanya, di dalam krl emang udah boleh lepas masker ya?

soalnya mba mba di depan aku dia lepas masker sama ngobrol, aku agak kaget. gerbong yang ini lagi gaada petugasnya btw, makasii"
Askrlfess,2022-07-16 14:05:04,"[askrl] gesss serius nanya, di dalam krl emang udah boleh lepas masker ya?

soalnya mba mba di depan aku dia lepas masker sama ngobrol, aku agak kaget. gerbong yang ini lagi gaada petugasnya btw, makasii"
pwettyczeni,2022-07-16 13:58:10,win kenapa setelah event TB dia tidak pernah lepas masker? takut ke gep tentang bibirnya kahğŸ¤”ğŸ˜‚
gegarane,2022-07-16 13:55:37,"@reveluck oh ga di rolling temennya, ga asik bgt kl gt tp ad asiknya juga deh jd g perlu kenalan ulang.. kan bs di lepas bentar trs pake lagi, buat kesehatan km juga pake masker walau kadang ga nyaman emang.."
aintkive,2022-07-16 13:40:38,emang beberapa orang better pake masker aja drpd lepas maskerr
rachadances,2022-07-16 13:31:33,@convomfs alasan ak ga lepas masker di luar rumah kecuali pas makan/minum enih lah
hi__nissi,2022-07-16 12:55:27,knp dia gamau lepas masker at least sekali gt yaa
noonebutse,2022-07-16 12:53:21,"Bisa lepas masker sm topi ga kak biar ga kyk vvibu :(
https://t.co/ksPkXEayVI"
temennyapemain,2022-07-16 12:37:29,@Dwi1975 @RudyRoedyanto Kl aku pas pakek sepeda Motor lepas masker ... Engap kl dipakek terus
t8sion,2022-07-16 12:27:45,wes paling bener gausah lepas masker pas acara meet up https://t.co/uPMqaoGp3F
dewimedinaw,2022-07-16 12:19:50,"2 taun lewat alhamdulillah ga kena flu atau radang, tp minggu ini bendera putih dulu.. antara emang udah jarang olah raga, atau mulai bandel lepas masker atau mulai ktm orang2 atau memang lagi mampir aja radangnya temu kangen.. pcr kamis kmarin alhamdulillah negatif.."
beliagurlzone,2022-07-16 12:13:00,"""Gurl'z suka ga PD buat lepas masker di area terbuka? Ets jangan hawatir, dengan Belia Body Mist membuat kamu tampil percaya diri dan segar sepanjang hari.
#Belia
#BeliaGurlzZone
#BeliaLyfe
#BodyMist"" https://t.co/EwLvrgHyzy"
minhyukswagy,2022-07-16 12:03:59,"@ddnaasnh skrg hrus terbiasa kembali g pke msker, krna kalo suka kelupaan lepas masker uda di ledek aja ma bestie"" ğŸ¥¹ğŸ¤§"
mrbabymochi,2022-07-16 11:35:38,Seneng banget disini pada pake masker padahal boleh lepas masker tp semua pada patuh ğŸ˜­ğŸ˜­ğŸ˜­
siskaadwi,2022-07-16 11:09:05,"Koperku smpe mau tak tinggal, pak kurirnyaa smpe teriak â€œmb kopernya ketinggalanâ€ . Aku teriak tak suruh bawain smpe cek tiket yg lain ga disuruh lepas masker aku pake suruh lepas masker yg diruang tunggu pd ketawa ğŸ¥º (soalnya yg heboh aku doang mngkn ya)"
id99nom,2022-07-16 10:17:33,"@convomfs kalau dulu iya, soalnya ga tau ternyata ga bole ketutupan masker :'. skrg aku lepas bentar waktu sholat hbs salam lgsg dipake lagi"
InfiniteLjong,2022-07-16 09:24:24,"On a serious note, dari awal aturan boleh lepas masker aja udah aneh wkwk disuruh pake masker aja banyak yg ogah pake apalagi dikasih lampu ijo buat ga pake ğŸ˜µâ€ğŸ’«"
pandara_park,2022-07-16 09:11:21,"Weeeh kasus C19 lg naik lg tp aku nguproy ketemu orang banyak dan ganti2 tempat pula.. wew jd khawatir..

Walau nguproy itu outdoor terus, tetep aja khawatir..

Aku ga berani lepas masker selama nguproy, sampe nahan2 ga makan, ga ngemil, ga minum selama nguproy banyak orang ğŸ˜…"
micinabc,2022-07-16 08:32:22,"RT @worksfess: aku mau nanya, kalo interview offline, lepas masker gak? Work! Maaf ya selama ini aku ga pernah ditahap kepanggil interview"
degradasiwarna3,2022-07-16 08:16:04,"Bener bener yaaa, untung maskernya nggak di lepas.
Thank's KAIğŸ¤­
Masker spornsor https://t.co/VeV7pcwiy4"
teguhbiyanto,2022-07-16 07:51:45,"RT @toplevel_view: Rakyat disuruh presiden untuk pakai masker, presidennya sendiri malah lepas masker di kerumunan.

Begitulah adanya.
 httâ€¦"
tbzdayz,2022-07-16 05:26:08,@fromchels__ ci the fanboy yg aku foto fotoin dan aku misuh misuhin krn lama bgt lepas masker (buat foto foto) ternyata tiktoker lmao ğŸ™ƒ
eejwithyou,2022-07-16 05:05:55,@Syalmaa9 Wkwkw banyak yg lepas masker pasahal pake masker untuk protect diri dan orang tersayang
nataultra,2022-07-16 04:24:22,"@collegemenfess Ngeyel sih, dibilangin pake masker malah lepas lepas masker di kelas"
pororay,2022-07-16 04:19:02,"@hujanrainamebi Wkwkwk iyaaaa, makanya.. kata temen aku kayak cina surabaya.. ğŸ¤£ğŸ¤£ awalnyanpas kasih liat foto pertama dia percaya, tp terus dia liat muka aku katanya tengil, aku disuruh lepas masker, dia mau liat muka aku.. ğŸ¤£ğŸ¤£"
hellotrid,2022-07-16 04:00:33,"Demi apapunn, keseringan make masker, sekarang jadi ga pede kalau lepas maskerğŸ¥¹"
soejonosasongko,2022-07-16 01:12:24,"RT @toplevel_view: Rakyat disuruh presiden untuk pakai masker, presidennya sendiri malah lepas masker di kerumunan.

Begitulah adanya.
 httâ€¦"
PancasilaJaya1,2022-07-15 22:47:35,"RT @rengga_asmara: ""Kalau masyarakat masih cuek protokol kesehatan dan cuek vaksin booster maka kemungkinan kasus akan terus melonjak. Ojoâ€¦"
Vinozein,2022-07-15 20:50:14,"@CNNIndonesia Hahahaaaa
Katanya Jakarta paling tinggi knaikan Kopit.
Eh,,,,,,Malah lepas masker."
dipslip69,2022-07-15 18:50:15,"insecure banget sama jerawat yg meradang, mana tadi disuruh lepas masker lagi"
mustafarahmato1,2022-07-15 17:48:37,"RT @toplevel_view: Rakyat disuruh presiden untuk pakai masker, presidennya sendiri malah lepas masker di kerumunan.

Begitulah adanya.
 httâ€¦"
onyujh,2022-07-15 13:49:54,Kebiasaannya Jaehyun kalau lepas masker pasti maskernya ditaruh dilenganğŸ˜‚ğŸ˜‚
krizyeolzt,2022-07-15 13:33:12,Om jujur ya km ganteng bgt klo lepas masker https://t.co/nAJuybZAXZ
cosmoswadesta_,2022-07-15 13:30:28,"@cuitantheboyz Yaallah mana fotonya lepas masker ğŸ¤£
Jadi makin keliatan muka bantalnya ğŸ¤£"
kepooyaaa_,2022-07-15 13:30:01,"@cuitantheboyz Bangun tidur belum mandi udah disuruh berangkat bilek
Mana disuruh poto lepas masker ğŸ¤£"
JUALAN_BASE,2022-07-15 13:16:37,"JB Wta as seller, prel0ved loreal paris revitalift ino bisa di lepas berapa yaa? 
Essence bru dua kali pake, day cream bru d pake 15%, masker msh ada, mw nya bru sekali pake https://t.co/8yGzrya4v3"
2dibukaB,2022-07-15 13:12:45,"RT @toplevel_view: Rakyat disuruh presiden untuk pakai masker, presidennya sendiri malah lepas masker di kerumunan.

Begitulah adanya.
 httâ€¦"
najaemina08,2022-07-15 13:10:39,"sebenarnya mau spill full face without mask waktu nsd aja, tapi Krn pas fotbar kudu lepas masker dan w juga ingin pamer, gagal deh sy menyembunyikan identitas ğŸ˜ƒ"
toplevel_view,2022-07-15 12:31:20,"Rakyat disuruh presiden untuk pakai masker, presidennya sendiri malah lepas masker di kerumunan.

Begitulah adanya.
 https://t.co/7TQljVhtMH"
choilyours,2022-07-15 11:28:12,"besok pas upacara kalo boleh lepas masker, aku lepas ogh. BIAR PADA TAU WAJAH AKU. yang ga suka silakan ilfeel, yang tetep suka ya terserah."
buchinchatime,2022-07-15 11:22:27,@kondohaku Gpp sebenernya. Cuma reporternya aja yg pada sensi karena fr0mis gamau lepas masker mereka dan katanya aegyo nya jadi ga terlihat. Dianggap sombong padahal level mereka ga setara sama bitiesğŸ˜‚ğŸ˜‚ğŸ˜‚ğŸ˜‚
adit_youtuber,2022-07-15 10:18:32,"@rickasun09 @emakemohvaksin lama2 bikin sayembara yg naik KRL busway turuini masker dapet hadiah ğŸ¤£ğŸ¤£

gausah lepas deh
turunin aja asal napas lega

itupun sulit dicari ğŸ¤£ğŸ¤£
terutama kaum hawa itu ğŸ˜‚"
giddyzzz,2022-07-15 09:10:49,"@afrkml sejak psbb dilonggarin ampe skrg, ttp ga lepas mask kemanapun, walaupun di kantor yg laen dah pada ga pake masker, ttp kekeuh sendiri pake masker."
karirfess,2022-07-15 09:07:25,"Kr! Di tempat kerja kalian tetep masih masker atau engga ya? Sender kerja di ritel, temenÂ² yg lain uda pada gak pakai masker sedangkan sender masih pakai. Emang sih perusahaan membebaskan gaada ketentuan khusus tapi sender bingung sebenernya uda pada benerÂ² lepas masker yah?"
rezawill,2022-07-15 08:54:24,"@inibacem @worksfess misal dia lepas, bilang aja, mohon izin untuk melepas masker ya Pak/Bu."
esstehtic,2022-07-15 08:53:50,"@worksfess mungkin tergantung tempat kerja kali ya nder? soalnya kdg ada yang disuru lepas, ada jg fineÂ² aja kalo pake masker. tp kalo bsa lepas ya lepas aja nder"
luckykoya,2022-07-15 08:53:27,"@worksfess Diruang tunggu kemarin masih make masker. Tp pas udah mulai dan ngeliat HR nya lepas masker, akhirnya aku lepas masker juga"
chartreusx,2022-07-15 08:52:15,@worksfess Biasanya sama HR atau usernya disuruh lepas masker pas proses interview nder
worksfess,2022-07-15 08:51:40,"aku mau nanya, kalo interview offline, lepas masker gak? Work! Maaf ya selama ini aku ga pernah ditahap kepanggil interview"
cangkkul,2022-07-15 08:46:10,@sipsippaa @ltkdwy hexa tahun ajaran baru kagak lepas masker kan yh kk osis?
AyuSora998899,2022-07-15 08:04:22,@FerrilWaits @CNNIndonesia Di luar ruangan lepas masker. Di dalam ruangan pakai masker.
sehucnoh,2022-07-15 07:53:33,"@119sarchive Suruh dia lepas masker, ajak dia fotbar"
bf1_bom,2022-07-15 07:18:24,Ayok lepas masker sayang ğŸ˜° https://t.co/VVVIvRQAzX
bgeautiful,2022-07-15 06:32:49,Wkwkkwwk akhirnya pada lepas masker https://t.co/PYzXxFOMlh
StuckHu,2022-07-15 05:44:16,"rasanya gue mau pingsan di tempat, TADI DIA MAU SOLJUM LEPAS MASKER + TASNYA DI GEMBLOK SEBELAHğŸ˜”ğŸ˜”ğŸ˜”ğŸ˜”"
rtpujian_,2022-07-15 05:28:24,@Askrlfess Yauda gausa lepas masker
biblemumet,2022-07-15 05:26:47,"RT @Askrlfess: [askrl] guys gue cakep tapi cuma waktu pakai masker, klo ga pakai masker jelek ğŸ˜­
insecure banget kalau lepas masker ğŸ˜­"
tuataracute,2022-07-15 05:26:24,"RT @Askrlfess: [askrl] guys gue cakep tapi cuma waktu pakai masker, klo ga pakai masker jelek ğŸ˜­
insecure banget kalau lepas masker ğŸ˜­"
Askrlfess,2022-07-15 05:25:24,"[askrl] guys gue cakep tapi cuma waktu pakai masker, klo ga pakai masker jelek ğŸ˜­
insecure banget kalau lepas masker ğŸ˜­"
kompascom,2022-07-15 04:34:02,Momen Jokowi Lepas Masker di Tengah Kerumunan Pengunjung Sarinah https://t.co/Cgz4CCdC5l
ranurma13,2022-07-15 04:25:39,Pengen nyoba nyoba hijab ala mbak mbak negeri sebrang wkwkwkwk tapi ga mau lepas masker kalo pake tuh hijab ğŸ¤£ğŸ¤£ğŸ¤£
kagyutora,2022-07-15 02:05:27,JANCOKKKL PERKENALKAN LEPAS MASKER ANJINGGG
jaeyuniese,2022-07-15 01:35:55,@jayjohaaa iya anjir kalau gak lepas masker tuh pada ngang ngong ngang ngong ğŸ˜­
nihjisun,2022-07-15 01:34:39,#. Reporter kurang ajar peuna sekarang ke mubank lepas masker
convomfs,2022-07-15 01:05:04,ğŸ¤ ternyata lepas masker tidak semudah itu ferguso. mungkin butuh beberapa tahun lagi aku diizinkan profesor pas udah lepas dari semua inhaler yang membosankan ini dan saat terkontrol penuh asmaku. suram banget nih hidup ğŸ˜‚
aitakattroll,2022-07-15 00:52:52,"@nakkult ada jurnalis yg kritik mereka karena gak mau lepas masker pas difoto, lupa baca dimana wkwk"
ianduoyy,2022-07-14 23:36:20,"pantes gapernah lepas masker sekali lepas mukanya kaya petruk, kebanyakan ngurusin urusan orang"
teguuuuuuh,2022-07-14 23:14:54,"RT @rayenisme: Dari kamis 30 Juni, circle terdekat di kantor mulai banyak yg positive covid. Gue denial. Ngga ahh, gue ga covid. Gue sehat-â€¦"
Rama102108004,2022-07-14 17:57:48,"@LeeDongHyun96 Wkwkwkwk tadi waktu balik mau ke Solo, mau ganti masker di rumah, lepas masker dari tali stringnya, talinya mau tak buang, maskernya yg tak simpen ğŸ˜­"
sereialoas,2022-07-14 16:11:59,"Salah satu hal yg aku kangenin dr rutinitas swg adalah pulang malem, headsetan, naik motor sendiri, jalan 30-40km atau sengaja muter biar lama, lepas masker, berasa dunia milik sendiri ... sampe ada stranger ngikutin kwk"
nadaalyeah,2022-07-14 15:20:36,"Covid naik lagi kan, mandat lepas masker segala sih takabur"
Kalempongjawi2,2022-07-14 14:52:48,@mediaindonesia Bukannya sudah lepas masker ?
PakdeSodik,2022-07-14 13:57:11,RT @drpriono1: Jangan lagi diimbau lepas masker ya... https://t.co/cXPe9XRm0N
JainalA01034176,2022-07-14 13:23:04,"RT @unkwn6969: Lagi hamil, baru pulang dari kampus belum ganti baju, belum mandi, udah langsung digenjot sama temen se kost, digenjot kenceâ€¦"
bobamenang,2022-07-14 13:06:39,"@tanyakanrl Kesel aku pernah disuruh lepas masker ya gmna ya udh nymn, trus katanya ""emang bisa nafas klau pakai masker? "" klau gw gk nafas ya mati dong aneh2 aja prtanyaan"
putribungasp,2022-07-14 13:01:14,Emang naik kereta sekarang uda boleh lepas masker kah?:â€
BeomCher_vi,2022-07-14 12:41:34,"Please buat semua orang pas di konser atau di manapun yang ada kerumunan jangan lepas masker, pas sampe rumah pastiin kalian mandi pake air anget biar virusnya pada m4ti.
Stay safe semuanya ğŸ¤ https://t.co/HUqSYw31SM"
_rlaskawns,2022-07-14 12:37:15,Jangan lepas masker di tempat umum ya gaes !!! https://t.co/wETI3uAD44
yyyyyyyyyuni,2022-07-14 11:17:39,Wah berarti bener2 harus gak boleh lepas masker nanti ya pas chothafest ğŸ¥² https://t.co/VZyyVAvBO8
aireinhyunjin,2022-07-14 11:15:07,"@5AMSEUNG asli kecium banget baunya, aku lagi lepas masker langsung pake ğŸ˜¢ğŸ˜­"
voidotid,2022-07-14 11:04:03,Penggunaan masker di dalam maupun di luar ruangan sangat penting mengingat pada saat ini terjadi peningkatan kasus COVID-19 di dalam negeri. https://t.co/TUhUWCt1fU
tukangambar__,2022-07-14 10:59:57,Pernah nggak sih kalian tertipu mba mba yg ganteng? Kirain w itu cowok rambut gondrong. Pas lepas masker ternyata ceweğŸ˜
teataehosea,2022-07-14 10:11:45,Anjing emang sengaja lepas masker kirain lupağŸ¥²ğŸ˜­ https://t.co/VaMltlAzNm
GoodStatsid,2022-07-14 10:11:33,"Pemerintah telah melonggarkan penggunaan masker untuk aktivitas luar ruangan sejak Mei 2022. Bagaimana tanggapan masyarakat terkait kebijakan tersebut?

#goodstats #gnfi

https://t.co/hz6i6TG5in"
er1_woo,2022-07-14 09:29:37,"tolong bgt bagi carat yang bakal nonton be the sun in jkt, jaga bener2 kesehatan kalian. yg udh 18+ jg cari tempat vaksin terdekat and go get your booster. pas hari h konser jangan lepas masker kalau ga perlu apalg dorong2 sampe chaos. pls take a good care of each other ğŸ™ğŸ»"
darkyellowshine,2022-07-14 08:14:05,s&amp;k masker gaboleh lepas
wanitagustus,2022-07-14 06:39:37,"Tram lg rame tadi tapi kudu masuk krn mepet jam..
Niat mau lepas masker sebentar krn nyangkut di headset..
Beuh lgsg diserang bau ketek + bau kari ğŸ¤¢..
Gile yee ga kebayang kalau gapake masker summer2 sini masuk tram/sbahn.. ğŸ˜µâ€ğŸ’«ğŸ˜µâ€ğŸ’«ğŸ˜µâ€ğŸ’«ğŸ˜µâ€ğŸ’«"
gingkerbell,2022-07-14 06:34:46,"@phelish Iyaa aku jd baca rules ditiketnya nih. Iyaa ci udh 2 minggu aku ketar2 covid ci, bismillah aja deeh yg penting gak lepas masker"
letterlykgw,2022-07-14 04:56:53,"@magikalia *pake masker*
astaghfirullah astaghfirullah
*lepas masker*
KONTOL"
Jo_arneta0809,2022-07-14 04:52:36,@007koteka_ @ganjarpranowo Keren #GanjarKita sangat tegas menganjurkan agar kita tidak lepas dari mengontrol diri seperti penggunaan MaskerğŸ‘
lydialiem,2022-07-14 04:02:04,"yang kasih izin lepas masker siapa. skrg suruh pake lagi. terlalu cepat ngasih izinnya seh.

aku sih masker ga pernah lepas emang.

tapi ngeri juga liat dijalan2 dan ditpt2 makan udah pada ga maskeran orang2"
nsnsmikento,2022-07-14 03:17:45,"Wml gw lagi berusaha percaya diri,lepas masker di kelas hrhrhrhe"
Hate_Fiona,2022-07-14 03:04:53,RT @Jo_arneta0809: @Hate_Fiona @ganjarpranowo @GanjaranApps @BiLLRaY2019 Mantap nih #GanjarKita menganjurkan agar kita tidak lepas dari dgnâ€¦
Jo_arneta0809,2022-07-14 02:54:41,@Hate_Fiona @ganjarpranowo @GanjaranApps @BiLLRaY2019 Mantap nih #GanjarKita menganjurkan agar kita tidak lepas dari dgn mengontrol diri seperti penggunaan MaskerğŸ‘
Iovieuu,2022-07-14 02:41:49,"sumpah ini gua diluar sudah bgt jing mau makan, saking gamaunya lepas masker"
fahd_fathir,2022-07-14 02:41:31,RT @dudangduding: @txtdaribandung Sok we pak mangga abi mah moal lepas masker da rumaos raray goreng patut kieu mah kedah sadar diriğŸ™
doobidoobae,2022-07-14 01:24:23,@ohmybeautybank Ini kayaknya karna bedaknya deh. Aku juga kemarin pake bedak revlon aweett bgtt makeup dari jam 7 pagi sampe jam 5 sore. Udah wudhu dua kali. Gak ada yang geser2. Gak pake setting spray padahal. Gak lepas masker juga di kantor. Transfernya cuma sedikit.
wiraasatya,2022-07-13 22:46:51,@chromosomalter Ternyata kalo lepas masker mulutnya maju ğŸ¤£
maisaraniu,2022-07-13 22:26:28,"Tolonglah kalo emang lagi sakit kayak  batuk berkepanjangan ga sembuhâ€, jangan lepas masker. Kaya gitu aku yg sebelahnya kena imbas karena kita makan bareng:â€))
Malu juga di bus jemputan batukâ€ sendiri"
drpriono1,2022-07-13 22:09:56,Jangan lagi diimbau lepas masker ya... https://t.co/cXPe9XRm0N
FirdausTriana,2022-07-13 17:59:16,part ter madep dari mbak mbak esteh adalah lepas masker cuma buat bilang kontol doang
luthfihariss,2022-07-13 17:42:37,@anggikko lepas masker dong wkwk
pausitumamalia,2022-07-13 17:01:05,hot ppl kalo lepas masker dijadiin gelang
salmoncrispyy,2022-07-13 16:09:49,RT @dudangduding: @txtdaribandung Sok we pak mangga abi mah moal lepas masker da rumaos raray goreng patut kieu mah kedah sadar diriğŸ™
cuteshyunjae,2022-07-13 15:40:10,"@diaryunjae Ini tuh DEKET AKU!!! 
cuman aku ga notice siapa karena disini ricuh banget kerudung sama masker aja sampe lepas dua duanya ğŸ˜­
Baru bisa benerin pas deobo udah kelar ngelempar bola
Itu aja minta tolong orang buat pegangin hp aku dulu, karena susah benerinnya"
nugrohodimas,2022-07-13 13:33:59,Dan di Indonesia udah boleh lepas masker kalo di tempat umum........ https://t.co/84iXzWRki5
whatshabb,2022-07-13 13:18:32,Ini ada org aneh bgt di dokter gigi. Ini suami istri dah kelar urusan trs krn ada tetangga nya malah stay dan ngobrol di ruang tunggu. Lepas masker ğŸ¥¹
decutess,2022-07-13 13:00:47,ASLI CUYYYYYYYYYY LEPAS MASKER SHJSHSHS https://t.co/OnVPhMJBFm
Dwi1975,2022-07-13 13:00:20,@RudyRoedyanto Pakai masker medis solusi yg tepat...kok malah pada lepas masker sih ğŸ¤¦â€â™‚ï¸
inkhsa,2022-07-13 12:22:26,"2 bulan gak ada jerawat seneng banget setelah breakout lepas krim dokter, tiba males skincarean + naik motor gak pake masker langsung 2 jerawat di pipi 
Aduh kapokkkk"
stlowbewwwyy,2022-07-13 12:01:44,DIA LEPAS MASKER AJA CAKEP POLL III https://t.co/mhigK3iwAd
forthelastttt,2022-07-13 11:35:56,"@woilahvanda always mbaaa, mungkin krn udh kebiasaan kali yaa jdnya kalo lepas masker kek lepas aibb sendiriğŸ˜­"
sprinkleuwu,2022-07-13 11:35:31,@_Jennifer88 Jen nemu nih pas lepas masker https://t.co/olZSZRttr4
24O74,2022-07-13 10:00:43,lepas masker sebentar udah diliatin sekampung. alias GUE MALU BGTTTTT
disfodan,2022-07-13 09:53:29,@woilahvanda Cuma kalo di tempat yg mewajibkan sih. Kalo enggak ya udah lepas masker terus
HerawanBoma,2022-07-13 09:05:38,"@CommuterLine Asyik nih KRL sudah bebas lepas masker, ngobrol dan telpon an. Masinis sama PKD gak ada suaranya.
Cawang-Bogor 15.41 8SF
@CurhatKRL."
hallcyoon,2022-07-13 08:20:35,"@iyasayangquu @irvanrifqiansya @zawarud0s crita tmnku ad yg kek gitu, cewenya gamakan n gwminum samsek krna gamau lepas masker soalnga dia inswcure jdnya nunggu plg bru dibungkusğŸ˜ŒğŸ˜Œ"
beritacovid,2022-07-13 07:44:55,"#Aturan Boleh Lepas Masker Bikin Kasus Covid-19 di Bandung Barat Melonjak Lagi, Sebesar Ini Jumlahnya - Tribun Jabar #Covid #Covid19 https://t.co/3STbau4oEP"
tufix21,2022-07-13 07:44:40,@dokterteguhya Gimana ga gila.. Dah dianggep kaga ada .. Dan rata2 daerah jkt dah lepas masker wkwkwkw
cancyik,2022-07-13 07:40:16,"Lepas masker dulu, soalnya mau poto-poto.
https://t.co/3kwULqio7A"
chikoramadhani,2022-07-13 07:22:04,RT @sunshieanis: @BaseAnakFK Tadi ujian kkd pemasangan ekg di detik2 terakhir nahan ngakak sama temen yang jadi op soalnya pas mau lepas elâ€¦
pirapattt_,2022-07-13 06:44:04,"@yourhwnsomboy Pake masker pas foto, pas jalan mah ak lepas
Xiixix"
i_m_milkiee,2022-07-13 05:39:04,"Ni kalo keluar rumah udah bisa lepas masker belum, dandan udah cantikâ€ eh nempel mulu di masker nyebelin banget"
vslilkid97,2022-07-13 05:37:30,ini serius dah bleh lepas masker?
haitinkerbell,2022-07-13 05:19:08,RT @dudangduding: @txtdaribandung Sok we pak mangga abi mah moal lepas masker da rumaos raray goreng patut kieu mah kedah sadar diriğŸ™
LittleHazelnutx,2022-07-13 05:11:46,"@terkaies Buset wkwkwk yaa yauda laah jgn kea gtu, ak kn tmenan sm semua org, ak ga beda bedain org, tp emg diany suka sm aku pas awal pertama kali liat aku lepas masker wkwk jd kek baru sekali liat doang, bkn tau sifatku"
dudangduding,2022-07-13 04:32:02,@txtdaribandung Sok we pak mangga abi mah moal lepas masker da rumaos raray goreng patut kieu mah kedah sadar diriğŸ™
gorohikaru_,2022-07-13 04:05:22,"@hello_inem wkwkkw lepas masker tp bilang kontol dia kak :)

kebetulan aku ga begitu doyan kak :)
pernah coba yg taro aja"
ndraian,2022-07-13 04:04:35,â€œMas kamu tuh kalau pake masker sama lepas masker kaya beda orangâ€. Yayayayaya org kesekian yg bilang gitu
DINDOOOTOT,2022-07-13 03:28:32,dia gak banyak bacot. lgsg lepas masker buat ngejawab tanya w kali ya. pas dia lepas masker. ternyata tmn lama w. GIMANA PERASAAN LO?! HAHAHA! anjjjjjjj
risolims,2022-07-13 03:10:52,"seungcheol yg naliin tali sepatu mingyu di red carpet tuh keywordnya apaan yaaa?  afuh mau nyari clipnya tp lupa itu pas di acara apaa
yg kuinget mereka seragaman putih trs seungcheol tuh lepas masker bentar pas didepan kamera"
angtkasa,2022-07-13 03:03:39,Pak Jokowi aja blg dah boleh lepas masker
CRINGENERGY,2022-07-13 02:40:48,"@txtfrombrand *Lepas masker* baru ngomong ""kontol""

Based"
zspiscoo,2022-07-13 02:33:54,@saitsxsmrt Ga enak bgtt tapi lepas masker makin ga ede
Orcalert,2022-07-13 02:28:42,"Gue kasih tau penyebabnya malah dibilang bego...

LAH KAN KEMAREN KATANYA UDAH BOLEH LEPAS MASKER DI RUANGAN TERBUKA"
muhariyun,2022-07-13 00:40:56,RT @totopethul: @OposisiCerdas Lepas masker-angka lonjakan-pakai masker-mandatory booster...emang strategy jitu sales yang punya kuasağŸ¤§
gosataru,2022-07-13 00:09:10,"ni bocah satu dr kmaren minta gue nglepas masker, yh gue tambah gamau lepas masker lhk"
Agoest83058831,2022-07-12 23:35:24,"@jum_hendri @ProfesorZubairi He..he.. 
Itu waktu dulu gencar2nya pemakaian masker 
Setelah belajar ternyata yg pake dan yg ga pake masih bisa kena 
virus ukurannya kecil banget walau bermasker tetap  bisa kemasukan 
Jadi lepas masker"
suaradotcom,2022-07-12 23:26:39,Sejumlah member fromis_9 memilih untuk tetap pakai masker meski kasus Covid-19 mereda https://t.co/r77gPhnj4w
up0nk_aje,2022-07-12 23:10:21,Fans Kecam Wartawan yang Hina Member fromis_9 karena Enggan LepasÂ Masker https://t.co/SSCVnh6N9I
MarsaAyu2,2022-07-12 16:22:22,"RT @Loopieeeeee: Dari pas masih wajib pake masker sekarang udh bisa lepas masker ğŸ«¶ğŸ¤©

HAPPY ONE YEAR WENDY'S YOUNGSTREET ğŸ’™ğŸ«¶ğŸ“»
#í•˜_ì›¬ë””ê°€_ë˜_ë””ì œì´ê¹Œì§€_â€¦"
lavieunblue,2022-07-12 16:05:10,"disana c word lg rame lagi kah...kok pd balik maskeran lg pdhl kemaren2  udh pada lepas pake masker 

 https://t.co/MIt5Z39Xwh"
icedletta,2022-07-12 15:55:28,@kekacsih KAK KAFKA WKWK tapi mbaknya lepas masker buat ngomong itu doang trus dipake lagi I STAN ğŸ¥°
dlezyy,2022-07-12 15:30:24,"kok sekarang banyak yg udh lepas masker yah, bahkan pas ke supermarket aja karyawannya pada buka masker malah dijadiin pajangan dileher/ditelingağŸ˜"
juyeonlee___,2022-07-12 15:06:51,"RT @trashchieve: kasian pas mereka masi pke masker, gw urutan 5 dari belakang BENER BENER 5 SBLM ABIS, mereka uda lepas masker, masa kak saâ€¦"
pjmnsya,2022-07-12 14:54:22,lega banget mbanya ngmg kontollll pas lepas masker https://t.co/KbHhdX0R26
kasetrvusak,2022-07-12 14:49:17,@txtfrombrand Lepas masker buat ngomong kontolllll doang ğŸ‘ğŸ‘ğŸ‘
jzphile,2022-07-12 14:46:08,itu cosplayer hirotaka lg viral gw kira klo udah lepas masker bakalan ilang vibes hirotakanya TERNYATA ENGGA ANJGGGGG
trashchieve,2022-07-12 14:35:42,"kasian pas mereka masi pke masker, gw urutan 5 dari belakang BENER BENER 5 SBLM ABIS, mereka uda lepas masker, masa kak sang senyum lebar bgt keliatan giginya https://t.co/yJHFeGeOHn"
Berrynoonaz,2022-07-12 14:34:39,"@bapotubatu Wkwkwkwk gimana ini, kalo lepas masker lebih gigit lagi tuh tatapan"
jeep_jeff_jip,2022-07-12 14:22:23,"Kemarin diluar boleh lepas masker
Skrg disuruh pake lagi!
Kalau yg otaknya rata pasti bakal jd gorengan
Lebih baik jgn dulu ada statemen bgnian deh klau blm bener pulih.
Biarin aja tetap pakai masker luar,dalem ruangan"
emergencydial,2022-07-12 14:18:43,@churrosmatcha @callmeoly_xo @convomfs Sumpah aku pernah ngadiÂ² kek ginii ğŸ˜­ 2 hari ke sekolah gamau lepas masker (itu sblm pandemi) bcs wajahnya kuningg. Ditanyain knp pake masker trs gw puraÂ² batuk awowkowkwok bego bgt ya klo dipikir tu
sunshieanis,2022-07-12 13:30:00,"@BaseAnakFK Tadi ujian kkd pemasangan ekg di detik2 terakhir nahan ngakak sama temen yang jadi op soalnya pas mau lepas elektroda, elektroda yang bulet mental gitu ğŸ˜­ğŸ˜­ untung pake masker ğŸ‘"
sweatergfs,2022-07-12 13:18:11,asu om gua covid udah ke sini tiap hari terus lepas masker
Motionsket,2022-07-12 13:12:38,"Yeah panas, hujan, petir menggelar; masker tidur Yanto kagak lepas-lepas. Karina yang sabar ya dik. Oke lanjut! Oscars kali ini beda dari Oscars sebelumnya yah, KALIAN PASTI TAU SENDIRI. Mulai dari pre-oscars, nominasi, dan lain-lainnya semuanya beda. UDAH PEDE MENANG BLUM? https://t.co/be4sPHBOxT"
selamatbeelanja,2022-07-12 12:45:53,"@cacastorys Nah kannn, waspada ca. Masker jangan lepas dulu deh kalo lagi ga butuh amat."
ulung_hans,2022-07-12 12:03:02,"@mini_aspi @laail_a Masih aja mau dibodohi perkopitan. Apa tuh virus cuma ngikut pemerintah, keluar edaran boleh lepas masker apa lantas tuw virus istirahat dulu. Masa kejanggalan seperti itu ga terlihat ?"
laail_a,2022-07-12 11:56:32,"Akutuh mau bgt ngejaga tp tetangga ada yg gaprcy covid, jdnya kehasut lah keluarga wğŸ˜“ kemaren, wkt sholat ied w dtg pake masker trs ditegur srh lepasğŸ™‚ orang mah biasany ditegur srh pake, w justru disrh lepasğŸ™‚ pdhl kalo pd gmau pake ya gaush nyuruh yg pake buat lepas gitu ya https://t.co/cnsAOjdX4X"
jajjangmyeon___,2022-07-12 11:27:00,"Sudah ketergantungan sama masker ğŸ˜· 
Sekalinya lepas, sesak banget rasanya. Polusi, asap bakaran sampah, parfum orang2 ğŸ¥´ğŸ«¥"
imasrini02,2022-07-12 11:21:49,Jalan sendirian. Dan rame banget di jalan. DempetÂ²an. DeketÂ²an. Sampe ga berani lepas masker. Padahal suhu hari ini panasnya wadaw banget. Dan keringetan ketutup masker. Cari tempat adem susah bener. Tempat ngopinya pun gerah gada ac ğŸ¥µ
fadillarhm,2022-07-12 11:14:38,"Nongkrong bertiga. Yang satu ngevape+ngopi, yang satu ngerokok+ngopi, yang satu masker gak lepas lepas+minum lemon tea. Pasti tau dong yang terakhir itu siapağŸ™ƒ"
kentorebus,2022-07-12 10:35:32,"tadi pas makan jg kan lepas masker, gengannya dia kyk natap ke gw gt.. kali ini gw yakin gak cm perasaan doang sih.. soalnya mreka nengok ke gw brgan ğŸ˜‚ ya gw mah apasi cm ampas di antara lu pada"
xbobax___,2022-07-12 10:25:31,"@Widino buat mba yg pensilnya aku pinjem pas tes cpns di gedung walkot jaksel, pensil nya msh aku simpan. karena terlalu bnyk orang &amp; pake masker jd ga bs balikin pensil setelah tes. btw aku jg bantuin mbanya lepas anting karena dia kesusahan. semoga sehat selaluğŸ«¶ğŸ¼"
tyanism,2022-07-12 10:17:23,@SeleneGwynn Sun jidat untuk lepas masker.
Loopieeeeee,2022-07-12 10:08:03,"Dari pas masih wajib pake masker sekarang udh bisa lepas masker ğŸ«¶ğŸ¤©

HAPPY ONE YEAR WENDY'S YOUNGSTREET ğŸ’™ğŸ«¶ğŸ“»
#í•˜_ì›¬ë””ê°€_ë˜_ë””ì œì´ê¹Œì§€_ì˜í•´ë²„ë¦¼  
#365DaysWithDJWendy @RVsmtown https://t.co/niBqYyrJJu"
yourbaeben,2022-07-12 09:48:38,mbanya nahan2 biar gak lepas masker... i like her!!! https://t.co/g3PcsX6VQd
dahTriw,2022-07-12 09:25:05,"Tiap berangkat, dandan, pake kacamata, pake masker, pake kerudung dan baju yang jarang dia liat selalu berontak gamau digendong. Giliran bareface, pake kerudung geblus, pake baju yang biasa dia liat, gamau lepas gendonganğŸ« ğŸ« 

Kenapa kak? Lebih seneng liat bunda kuleheu ya?ğŸ«¥"
kyzho_0n,2022-07-12 09:18:48,@increasesvalue aku maluu klaw disuru lepas maskerğŸ˜–â˜ï¸
marigowl,2022-07-12 08:02:33,"@bayuajisasmith samaa, kerasa aneh klo lepas masker"
filtertale,2022-07-12 07:43:01,"temen gue dateng ke acara cosplayer, trs ketemulah sama salah satu cosplayer cantik gitu. diajak foto lah sm temen gue, taunya malem malem di dm ternyata dia anak magang di kantor gue anjirrrrrr wkwk soalnya dia tuh jarang lepas masker jd kita ga familier wkwk udah kek au au aja"
urbabyhighness_,2022-07-12 07:35:17,@tanyakanrl Ni yg mba2 es tehnya niat bgt ngomong kon**l pake lepas masker terus pasang lgğŸ¥²
Rofik_annas,2022-07-12 05:45:03,"@fdinaa_ @dapdap_______ Gass ğŸ˜‚ğŸ˜‚ğŸ˜‚, 
Pake masker aja likenya jebol, apa lagi lepas masker ğŸ˜ğŸ˜ğŸ˜"
kadek_dede_,2022-07-12 05:32:36,@umanggg22 Wkwkw effortnya lepas masker keren wkwkwk
kadyasandya,2022-07-12 05:30:22,@elangep__ sampe lepas masker dulu wkw
delagona,2022-07-12 05:26:01,Lepas masker dulu biar puas bilang kntl nya ğŸ™ğŸ» https://t.co/XiSpI4sQBG
JoseAndre89,2022-07-12 03:46:47,"@sushidushi468 gym aman lah. pake masker gpp, lepas jg gpp. yg penting olahraga dulu"
ncecnce,2022-07-12 03:46:06,baru nonton niat bgt lepas masker dulu https://t.co/3eUMtbSKTh
tzuubae,2022-07-12 03:44:00,eh klo mreka lepas masker trs lu semua pingsan yg tanggung jawab syp https://t.co/mLa7JhmdxW
jessm1ne,2022-07-12 03:23:44,"kpn lepas masker y, sumpek bgt"
dlarskies,2022-07-12 03:19:48,"@tunggsz wkkwkw, oiya yg lepas masker cuma mau bilang woi kontol dengan fasih"
ranifaauziah,2022-07-12 02:25:07,"Sedang difase segala bauuğŸ¥´ bakalan pake masker+oles kayu putih biar aman, tp disuruh lepas trs sama cherylğŸ¥²"
glxyywonjinie,2022-07-12 02:22:18,@hamdaechi INI WKWK ASLI LANGSUNG SHOCK AKU PAS DIA LEPAS MASKER TERIAH â€œEH K...â€ KEK KOK LO BISA SI SE EFFORT ITU LEPAS MASKER DEMI TERIAK GITU KE CUSTğŸ˜­ğŸ˜­ğŸ˜­
jiheonrush,2022-07-12 02:20:03,lg mereka ga lepas masker juga tetep ketauan klo itu peuna https://t.co/QfhqwVC5D5
gyuriousss,2022-07-12 01:58:46,"ini mirip banget sama epepet waktu itu, media nyuruh mereka buat lepas masker tp nolak tp media kekeh jadi yaa dengan sangat terpaksa mereka lepas trs sepersekian menit dipake lagi https://t.co/nmc0fHAjcC"
fajargoldluckk,2022-07-12 01:07:14,"@txtfrombrand Dia tau kalo ngomong kntl pake masker jadi gajelas suaranya, makanya di lepas dulu ğŸ‘"
v3isvthree,2022-07-12 00:56:18,"ini tamu kantor, selama pake masker, diliat kayak org cina, kulit putih mata cipit,tp ketika lepas masker, keliatan muka Makassar-nya ğŸ˜‚ğŸ˜‚"
mahesatiwi,2022-07-12 00:35:20,"Namun, tidak serta merta kala berada di luar ruangan melepas masker. Boleh lepas asal tidak ramai. *#AwasCovidMasihAda*
https://t.co/vJunZ4GTIT"
mathsoul1,2022-07-11 23:29:44,"kalo liat ini saja dari sekian banyak (mgkn sudah ratusan) kebijakan hingga urus migor sampe aturan lepas_pake masker jadix Serasa negara di urus sama sekelompok anggota OSIS atau KARANG TARUNA yaa (?) 
SEMOGA INDONESIA CEPAT SEMBUH ğŸ˜”ğŸ˜”ğŸ˜” https://t.co/0roMwvUCy0"
MuchtarRiki,2022-07-11 23:28:48,"Di saat Presiden Joko Widodo sudah lepas masker, ini kebijakan menterinya masih jadul, seharusnya sudah mundur sajalah. 
https://t.co/LDSP1CDDaf"
bobby_esc101,2022-07-11 22:45:33,Tadi liat foto di TL yg nonton konser kemarin ada yg lepas masker pas lg covid naik gini bikin sebel bgt. Lu foto brg sama idol pun tp ga respect sama yg lain yg udah berusaha jaga protokol ğŸ’”ğŸ’”ğŸ’”ğŸ’”
nabwrong,2022-07-11 22:24:52,@AndyHuskyyy kack..itu spesial lepas masker cuma utk bilang 'woy kont0l'..ğŸ¤£ğŸ¥²
maulanafikri455,2022-07-11 22:17:56,"@zawarud0s maskernya segel khodamnya , lepas masker khodamnya keluar"
batsbati,2022-07-11 20:52:53,@txtfrombrand Mending ga usah lepas masker
chhoiyujin,2022-07-11 18:32:32,"gue takut bgt ke sekolah. takut klo disuruh lepas masker trs gue lagi breakout, takut ada yg jijik liat muka gue. takut bgt...."
anidanormach,2022-07-11 17:51:24,"Malu bangettt, gegara jalan sambil liatin HP terus nabrak pintunya Couvee sampe bunyi ""brakkk"" :"") dan di situ literally si mba2 dan mas2 baristanya ketawa dan nahan tawa :"") untung ga lepas masker :"")"
peacinom,2022-07-11 17:31:56,@faeoxo_jml Bener sihhh udh gitu sekalinya mau foto males lepas masker karna udh geuleuğŸ¥²ğŸ¥²
ninanursita,2022-07-11 17:22:06,"@deydeydeyy @imtinysowhat kl aku usahain jgn sampe bagian masker tuh lembab, jangan suka nurunin masker cuma sampe dagu, mending lepas sekalian (kt dokterku). selalu double cleansing jg. kalau muka basah selalu keringin sblm pake masker. pake antibacterial face mist jgg, aku pake studio tropik"
kosmortt,2022-07-11 17:11:43,Dia sadar ga sih kalo dia itu cantik? Udah mana jarang lepas masker ğŸ˜• https://t.co/VHuHEjTLeD
soogarplume,2022-07-11 17:05:33,"gue seneng bgt nonton #THEBZONEinJKT tadi sama @WE_THE_BOYZ karena:
1. sejauh mata memandang gak ada satupun yang lepas masker ğŸ™ŒğŸ¼ğŸ™ŒğŸ¼ğŸ™ŒğŸ¼
2. everyone remained seated (exc for the festival ofc)
3. everyone waits for eric ğŸ˜­ğŸ˜­ğŸ˜­ğŸ¥ºğŸ¥ºğŸ¥º"
mathsoul1,2022-07-11 17:02:51,"musibah nyata yg tlh menimpa bangsa ... Dan semua itu lahir dr kebijakan penguasa yg jauh lbh parah dr pengurus OSIS di sekolahan 
Mulai urusan pake/lepas masker s/d urusan migor lnts ngomong tinggi bukan kepalang melebihi khayal para ilmuwan dunia
SEMOGA INDONESIA CEPAT SEMBUH https://t.co/G7PlLtp12s"
donquixoxotez,2022-07-11 16:05:57,mbaknya lepas masker cuma untuk teriak kontol wkwkwkwk https://t.co/ej7lxSrHwN
betidwin13,2022-07-11 15:45:35,Padahal jarang ketemu. Trus kemaren diantara banyaknya orang dan me ngga lepas masker eh masih aja paham yak ğŸ¤­
acidelibra,2022-07-11 15:44:22,@AdorbsNerd lepas masker juga cakep
racunmawar,2022-07-11 15:44:21,@calpicobanana @zawarud0s lega bgt lepas masker dluu
xnggxtx,2022-07-11 15:40:51,@dumbperfct @zawarud0s Effort buat lepas masker sebelum misuh ğŸ˜­
xnggxtx,2022-07-11 15:37:11,@dumbperfct @zawarud0s UDAHHH ğŸ˜­ Btw mbanya mood bgt lepas masker cuma buat teriak kntl ğŸ˜­
dumbperfct,2022-07-11 15:27:32,@xnggxtx @zawarud0s Menjiwai sekali ampe lepas masker ğŸ˜­
enlestari_,2022-07-11 15:15:52,Dan temen kerja udah ada yang lepas masker. https://t.co/D2GMOAfCL0
rudeusgrey11,2022-07-11 14:48:02,Aowkwowowkw lepas masker demi titit2in orang abistu pake lagi ğŸ‘Œ https://t.co/54NC6n2Uop
OtoutoLife,2022-07-11 14:32:21,"Lol, biar lebih ngena klo lepas masker https://t.co/fdVM3Hp4Sj"
totopethul,2022-07-11 14:18:50,@OposisiCerdas Lepas masker-angka lonjakan-pakai masker-mandatory booster...emang strategy jitu sales yang punya kuasağŸ¤§
wy__zx,2022-07-11 13:47:07,"anjir bgt ini klo lg nyeri kek badan bsa panas dingin trus sampe kek pengen muntah tp cm hoek2 tanpa ada yg keluar gitu tu lo hahaha terus mana pingganv ikut nyeri, kaki juga, ga jrg jg napas jd terengah2 bgt, rasanya pengap bgt kek hrs lepas masker lepas krudung jg https://t.co/Dhrcm7tIvU"
JIONEO914,2022-07-11 12:40:02,kuki lepas masker https://t.co/1TDdUGzsrX
rubysun1051,2022-07-11 12:21:35,"pls yang rindu sama aku jangan sekarangğŸ˜©ğŸ˜©ğŸ˜© 
aku besok mau mpls :( kalau di suruh lepas masker kan nanti jelek ada jerawat nya!!!!!!"
chaotannn,2022-07-11 12:01:13,"tapi susah, kalo lepas masker malah ngerasa tingkat kecantikannya menurun njir"
casteurilla_,2022-07-11 11:29:55,@elena_rrroze Mel Lo tidak sendiri kan ga lucu sama kakel disuruh lepas maskerà²¥â€¿à²¥
areumaru,2022-07-11 10:59:41,TAPI PAS LEPAS MASKER tidak sesuai ekspektasi ğŸ˜”ğŸ˜”ğŸ˜”
yippieesky,2022-07-11 10:29:39,AAAAAA RAKI LEPAS MASKER GABTENG BNGT YA ALLAH https://t.co/r3dXasVEOz
an_zaldi,2022-07-11 10:21:46,"Mau yg kerudungan dan ketika lepas kerudung tetap cantik

Mau yg keliatan cantik saat pake masker dan ketika lepas masker juga tetap cantik

â˜ï¸ğŸ˜” https://t.co/LcDTRLowKM"
tawancutiepoom,2022-07-11 10:03:50,Iya geu lepas masker heee kan dijalannn heeee engap :(
pumatcha,2022-07-11 09:49:36,"kalo ak sih udh lepas jilbab mbak itu, minimal masker https://t.co/BwGqlwwZkz"
Lionelbarcalope,2022-07-11 08:50:22,"Namun, tidak serta merta kala berada di luar ruangan melepas masker. Boleh lepas asal tidak ramai. *#AwasCovidMasihAda*
https://t.co/h95ycvTjLE"
Anak_Senja90,2022-07-11 08:47:38,"Namun, tidak serta merta kala berada di luar ruangan melepas masker. Boleh lepas asal tidak ramai. #AwasCovidMasihAda
https://t.co/PCev2eAoq7"
BantengnyaPDIP,2022-07-11 08:40:56,"Namun, tidak serta merta kala berada di luar ruangan melepas masker. Boleh lepas asal tidak ramai. *#AwasCovidMasihAda*
https://t.co/5C1uRlvlER"
viavianiii,2022-07-11 08:31:09,"Namun, tidak serta merta kala berada di luar ruangan melepas masker. Boleh lepas asal tidak ramai. #AwasCovidMasihAda
https://t.co/LyNaoGfsGg"
maskerbeningaye,2022-07-11 08:25:19,"@KuntoAjiW Nitip jualan ya, Kak. Makasih.

Masker KF94 transparan cocok buat yg belum mau/berani lepas masker tapi bete muka ketutupan mulu, apalagi kakak2 yg udah mekapan 4 sehat 5 sempurna jadi mubajir.
Link produk di rep quoted post. Rating&amp;jumlah terjual organik.
https://t.co/ilMeWP84Px"
canputtt,2022-07-11 08:23:28,"Namun, tidak serta merta kala berada di luar ruangan melepas masker. Boleh lepas asal tidak ramai. #AwasCovidMasihAda
https://t.co/jqW0gM1Tif"
maskerbeningaye,2022-07-11 07:52:41,"@txtfrombrand Buat yg masih belum mau/berani lepas masker tapi bete muka ketutupan mulu, apalagi kakak2 yg udah mekapan 4 sehat 5 sempurna jadi mubajir, buruan order masker KF94 transparan. Ada 8 warna, cocok dipake di berbagai acara.

Link produk di rep quoted post.âœŒï¸
https://t.co/ilMeWP84Px"
raianrizaru,2022-07-11 07:50:49,"Tenang pak, kemarin walaupun ada himbauan buat boleh lepas masker di luar ruangan... Saya kalau kepasar tetep pake masker, lumayan jadi jarang jerawatan sekarang ğŸ˜‚ https://t.co/hJGnDMe9eE"
mhlskhar,2022-07-11 07:45:12,Tim gak pernah lepas masker sini toss dulu!
nyctophiliabae,2022-07-11 07:15:00,@txtfrombrand lepas masker ternyata buat ulti
HaiMagazine,2022-07-11 07:08:50,"Jangan Buru-buru Lepas Masker Saat di Pesawat, Ini Penjelasannya! https://t.co/vgnaXfZsP4"
jelly_min18,2022-07-11 07:03:45,RT @by_an88: #19 Younghoon lepas masker https://t.co/ucjQicWBZ2
SRIR84977887,2022-07-11 05:21:21,@tribunnews Makanya jngn diperbolehkan lepas masker tapi biasakan pakai masker kcuali saat makan minum
pulchritudesd,2022-07-11 05:16:59,"have fun dan hati-hati buat semua deobi yang nonton konseerr, jangan lupa mam dulu sama minum yaa! jangan lepas masker juga ğŸ¥° #THEBZONEinJKT"
beingyourbest,2022-07-11 04:30:36,"@Askrlfess Sbrnya kan udh ada pengumuman wktu itu boleh lepas masker, cm aku tim udh terlanjur dan ngerasa lebih aman pake masker jd aku msi pake masker yg bsa ampe sharian kecuali kalo makan dan sholat ya dilepas tpi ya balik lg gmna orgnya msing2"
bontang_post,2022-07-11 03:19:40,"Baru aja dibolehkan lepas di luar ruangan, disuruh pakai lagi hikz https://t.co/inxdgybO8U"
enny_endah,2022-07-11 03:00:34,"@AlirizaReynaldi Sampe hari ini kita sekeluarga masih tetep pake masker kok pak, walaupun sempet boleh lepas masker, tp kita tetep pake lbh aman"
missbbangmil,2022-07-11 02:20:08,"Have fun temen-temen deobi yang nonton, jangan lupa mam dan jangan lepas masker selama konser &lt;3"
na89798482,2022-07-11 01:19:07,"Semangat jgn skip makan dan minum, jgn lepas masker selama berada di venue , lancar dan plng hati2"
enviedesolitary,2022-07-11 00:50:00,ni sy jd trauma lepas masker dan pasang foto grgr habis kena ain kemarinğŸ¥²
haluhalubadung,2022-07-11 00:08:19,kata w ntar kalo ada yg lepas masker di tengah konser tarik aja keluar
firaasyf,2022-07-10 23:59:08,"Gue sama temen gue gak mau lepas masker. Ngeselinnya adalah tukang parkir di sana bilang, ""dilepas aja mbak maskernya,"" kayak orang catcalling gitu loh. Gak nyaman asli, kayak seisi orang di sekitar kami ini nyebelin gitu."
scintiIate,2022-07-10 23:32:35,"""ğ˜‰ğ˜ºğ˜¦, Audry. Nih, kado terakhir dari gue.""

Sesaat setelah berkata demikian, Audrey menarik lepas masker oksigen yang terpasang di mulut saudarinya. Tak butuh waktu sebelum Audry kejang-kejang karena sistem pernafasannya terhambat. Audrey menikmati pemandangan ini untuk"
dopadopedopi,2022-07-10 18:37:18,@cerenskii Cer gereja lu boleh pake masker apa disuruh lepas masker ?
CSSHHD,2022-07-10 16:25:30,@greateryou_ @nuninoona Ayo terus buat review.. setelah bisa lepas masker mo jajan make up.
snrpriv,2022-07-10 16:10:38,MAGER BANGET AKU LEPAS MASKER WEH
knjwngrha,2022-07-10 15:12:35,@punicaaaa Cantik selama gak lepas masker sama masuk remini ğŸ™‚ https://t.co/ek4bWLih0X
rismafharis,2022-07-10 13:56:11,"@faaraisyaah Iyaaa emang Far pas make masker aman gaada yg ngenalin, pas lepas masker langsung deh ğŸ¥¹ Sabar ya kitaaa. Gue langsung bilang ke Rian â€œoh gini ya jadi kamuâ€ wkwkwk"
icuuuuuttttt,2022-07-10 13:39:37,keren banget mek over fondi dari jam 4 pagi sampe skrg gak geser sama sekali padal lepas pasang masker keringetan sender sana sini bestt deehhh gamau berpaling
unacecan,2022-07-10 13:28:44,"serba salah bgt ya emg jd idol, lepas masker salah ga lepas pun dihujat, untung kemaren vvz ga digituin jurnalis:("
skyraire,2022-07-10 13:19:03,"@loeycrumbs Ih liat yg barusan ga sal yg katanya wartawan ngejulid gegara fromis ga mau lepas masker, pdhl kek anjirlah begok bgt namanya masih covid :(( kayanya emg media ini lagi banyak yang mau rujak fromis dah"
JefferyHS,2022-07-10 13:05:05,"@tvOneNews kalau mau ya harusnya jgn dilepas sampe hilang covid..
jgn lepas masker gitu..
kemarin pas udah disuruh lepas masker, tau tau skrg kasus naik lagi, yg salah masyarakat lagi ğŸ™„"
JefferyHS,2022-07-10 13:02:39,"@tvOneNews gimana deh bingung kebijakannya, kemarin disuruh lepas masker, sekarang disuruh pake lagi.
klo belum redah kasus covidnya knp disuruh lepas masker kemarin? 
emang skrg naik lagi kasus covid?
siapa aja yg kena? kok gk ada yg terkapar dijalan?ğŸ™„"
cleverboiz,2022-07-10 12:32:19,@extensicns klo aku di kampung udh pada lepas masker
karpe_noktem,2022-07-10 11:55:47,"@heynda_ Yo eh, umat pun tertib ngikutin. Aku sama sekali ngga liat ada yg lepas masker di dalem, yg anak kecil pun. Abis kolekte pun yg perempuan/ibuÂ² dah langsung keluarin hand sanitizer buat mereka n keluarganya. Udah mulai sadar akan kesehatan masingÂ², salut."
AzharAditya88,2022-07-10 11:41:38,@tvOneNews Pye to..mencla mencle...katane boleh lepas masker di luar ruangan...skarang beda lagi...
SultanKhalji,2022-07-10 11:24:26,"@CNNIndonesia Ini gimana sih, berapa minggu lalu bilang boleh lepas masker ditempat umum."
moci_yuki,2022-07-10 11:03:06,"@KakakMade Aq masi tertib dok, dah kebiasaan,lepas masker tu kudu dandan dll malesss dok hahaha"
betterdoy0,2022-07-10 10:45:58,@fullshan_ strugglenya org berkacamata kalau pakai masker ya kayak giniğŸ˜­ğŸ˜­ makanya aku kalau ga lepas masker ya lepas matanya biar ga berembunğŸ˜­ğŸ˜­
justmkrn,2022-07-10 09:32:45,@markrenhouse Untung ga lepas masker
asnim17,2022-07-10 08:16:13,"RT @unkwn6969: Lagi hamil, baru pulang dari kampus belum ganti baju, belum mandi, udah langsung digenjot sama temen se kost, digenjot kenceâ€¦"
PineksoRoyi1,2022-07-10 08:03:55,"@tvOneNews Gegara ini kah ? ğŸ˜
https://t.co/oMI0MvQHm7"
itsrele,2022-07-10 07:57:16,"Mirip memb treasure....
Tp gatau kalau lepas masker gimana  hihi https://t.co/ZgvuptGu2y"
marlonachilles,2022-07-10 06:56:06,@MikaelDewabrata Mantap kali wkwk seumur2 gw manggil petugas XXI gara2 ada yang lepas masker waktu pertama kali XXI buka saat pandemi wkwk itu juga ga digubris ğŸ˜‚ğŸ˜‚ğŸ˜‚
maskerbeningaye,2022-07-10 06:48:45,"@anyaselalubenar Itu sih bukan korban, Kak. Emang rela aja ğŸ˜­

Nitip ya, Kak. Makasih. 
Masker KF94 transparan cocok buat kaum yg ga pengen lepas masker tapi bete muka ketutupan mulu. Apalagi udah mekapan 4 sehat 5 sempurna eh mubajir.

Rating&amp;jumlah terjual organik.
https://t.co/yqh9PfJNpX"
maskerbeningaye,2022-07-10 06:45:00,"@HeyBudie Nitip jualan ya, Kak. Makasih.

Masker KF94 transparan cocok buat kaum yg belum pengen lepas masker tapi bete muka ketutupan mulu, apalagi kakak2 yg udah mekapan 4 sehat 5 sempurna.
Link produk ada di rep quoted post. Rating&amp;jumlah terjual organik.
https://t.co/yqh9PfJNpX"
Addawiyyah03,2022-07-10 06:41:15,Udh boleh lepas masker belum sih di kelas
YudhiDharmawa14,2022-07-10 05:39:46,"@Beritasatu Terimakasih pak,...maaf kalau kemarin khilaf,...sehingga ""sempat mengajak orang2 utl lepas masker."" trmksh"
hellodeobi,2022-07-10 04:11:35,@itsfairysasa Itu ngebayangin dia lgsg tiduran lepasin sepatu gapake bangun sama tangannya lepas masker hadeuhhh
fitridefi,2022-07-10 04:00:12,"@CNNIndonesia Aduh cemana, kemaren dah lepas masker ğŸ˜·ğŸ˜·ğŸ˜·"
svtnea17,2022-07-10 03:54:32,"Waktu di KAI dia kaga punya kuota gue hostpotin, waktu masuk mall scan kode qr sm pake masker nah masker gue lepas jadi harus make lagi dia kebagian scanin qr gue wkwk, intinya gitu sangat balance"
yessxxc,2022-07-10 03:44:23,"Kemarin katanya udah dibolehin lepas masker, gimana sih https://t.co/RhwBUKfDqm"
maskerbeningaye,2022-07-10 03:32:20,"@txtfrombrand Nitip jualan ya, Kak. Makasih.

Masker KF94 transparan cocok buat kaum yg masih ga pengen lepas masker tapi bete muka ketutupan mulu, terutama buat kakak2 yg udah mekapan 4 sehat 5 sempurna.
Link produk di rep quoted post. Rating&amp;jumlah terjual organik.
https://t.co/MVBipmSlct"
teanotcoffee99,2022-07-10 02:47:00,"Di saat di negara2 lain sudah lepas masker dan bahas dampak vaksin, di sini wajib booster. Pdhal ppkm level 1 ğŸ™ƒ"
musuhbuzzerp,2022-07-10 02:25:16,"@CNNIndonesia Presiden udah membolehkan loh, ini Jokowi malah nyurug pakai masker..

Jokowi Bolehkan Warga Lepas Masker di Area Terbuka

https://t.co/GQY30wHByW"
fluufypuffy,2022-07-10 02:20:42,mirip junkyu treasure kl gini gtau kl lepas masker awokwowkwowk https://t.co/NGEGhyvuAN
elvirsp,2022-07-10 02:08:53,"@CNNIndonesia Pak @jokowi kmrin anda blng lepas masker skrng di suruh lagi pake masker. 
Gak bsa di omongannya nih ğŸ˜”."
omhansss,2022-07-10 02:00:50,Harusnya memakai masker lagi. Pan kemaren dia yg ngijinin lepas masker https://t.co/mntQqpa8IG
ariomalv,2022-07-10 01:59:51,"@detikcom ya kalau gitu kenapa kemaren pakai â€œboleh buka masker diruangan terbuka kecuali â€¦â€ masyarakat kita mayoritas setelah bapak bilang boleh buka masker ngga dengerin pak, langsung pada buat status â€œalhamdulillah boleh lepas maskerâ€ ğŸ˜…"
maskerbeningaye,2022-07-10 01:37:13,"@usaisudahhh Wajar. Lebih wajar lagi beli masker KF94 transparan di toko aku. Cocok banget buat kaum yg masih ga mau lepas masker tapi ager ngumpetin muka apalagi yg udah mekapan 4 sehat 5 sempurna.

Link di rep pinned post. Rating&amp;jumlah terjual organik.
https://t.co/dpvh0ZIulO"
keyrendk_,2022-07-09 23:15:08,Trus gw ingetâ€ lagi tadi pas makan siang kan gw lepas masker ada satu org kaget gitu waktu liat gw wkwkwk tapi bis tu pergi gitu aja kan lucu yak. Beneran dong yg kaget itu rupanya org depok baru wkwkwk inget gw mukanya   Trus gw ngobrol sama ni bocah (ade kelas)
shinings0uls,2022-07-09 23:11:27,"@convomf Kemaren aku lepas nder krna ada beberapa yg lepas masker jg tp pas ku lepas berasa diliatin kek OMG ğŸ‘€mau make lg tp malu yaudahlah ku pede""in smpe slesai sholat wkwk"
ututuuututututt,2022-07-09 22:30:04,@convomf kalo pas sholat ga boleh ada gerakan pake atau lepas masker nder
convomf,2022-07-09 22:28:21,ğŸ’™ ntar kalian pas sholat ied ttp pake masker apa udah lepas masker? '-'
calvsoed,2022-07-09 19:49:25,ni i dah lepas masker y jan tanya lagi wajah i gmn silakan dipandangi sepuasnya nde
maskerbeningaye,2022-07-09 19:35:31,"@torantula Kayaknya apa aja ada di Depok yak. Keren.

Btw nitip ya, Kak. Makasih.

Masker KF94 transparan buat kaum yg bosen mukanya ketutupan tapi belum mau lepas masker.
Link produk ada di rep pinned post. Rating&amp;jumlah terjual organik.
https://t.co/CQ2mani7jN"
maskerbeningaye,2022-07-09 18:30:18,"@depresionistaa Anjir gw kirain mau ada adegan kek serial hidayah gitu ğŸ˜­ğŸ˜­

Nitip ya, Kak. Makasih.

Masker KF94 transparan cocok buat kaum yg ga pengen lepas masker tapi pengen poin cancik/tamvan terpampang.
Link produk di rep. Rating&amp;jumlah terjual organik.
https://t.co/CQ2mani7jN"
ranraneh,2022-07-09 16:41:05,"datang langsung belakangin aku, beberapa menit kemudian pindah arah duduk, aku tauuu kamu mau lihat aku kannnn, sama kok aku juga penasaran, bedanya aku berani lepas masker kayanya dia juga sadar aku curi curi ngelihatin eh langsung pindah duduk membelakangin lagi"
_saptanugraha,2022-07-09 16:12:58,"RT @aprilogicc: Tadi nonton ini. Dari awal-awal film udah nangis sesenggukan. Bener-bener sesenggukan, nangis tapi ga bersuara sampe lepasâ€¦"
terluccuu,2022-07-09 15:54:31,@feliceabe @NCTsmtown_127 pake masker aja cantik apalagi kalo lepas masker
aprilogicc,2022-07-09 15:53:01,"Tadi nonton ini. Dari awal-awal film udah nangis sesenggukan. Bener-bener sesenggukan, nangis tapi ga bersuara sampe lepas masker ngelap air mata gitu loh hahahaha. Tiap scene sama ayahnya, aku gak kuat jujur. Jadi inget bapak di rumah yang seminggu lagi birthday huhu ğŸ¥º https://t.co/7vi4W7jJId"
TotoForiana,2022-07-09 15:37:04,"RT @w3_esbe: ""Positivity rate COVID19 di atas 5 persen bukti kuat pandemi belum selesai.""

Kepala Staf Kepresidenan RI @Dr_Moeldoko menekanâ€¦"
TotoForiana,2022-07-09 15:36:18,"RT @w3_esbe: KSP @Dr_Moeldoko ingatkan masyarakat, Ojo kesusu lepas masker..!

Peringatan Pak Moel mengacu fakta, positivity rate Covid-19â€¦"
megalosknow,2022-07-09 15:17:23,"ih stylishnya jeff harus banget apa ya ngedandanin ni orang begini!?
ih sumpah! udahlah ga akan gw mau lepas masker setelah ini!!
minder lah gw asyu !!
#dtacxKinnPorsche
https://t.co/HTRRE9FYfK"
TyrexMaximus,2022-07-09 14:24:49,Masker ga boleh lepas. Protokol kesehatan https://t.co/8YfRkcgUKF
abcdandelion,2022-07-09 14:16:05,"Ini 2022 baru 7 bulan, dan temen w udah 2x positif covid, dan dia santai aja. Super sekali emang, udah kayak aku dulu yg tiap bulan pasti pilek level santainya tuh â˜º
Yah tapi ga kaget sih, dia kerjanya nongki sana sini mulu, dan ngepod(?) yang tentunya hrs lepas masker"
bertautt_,2022-07-09 14:14:18,tempat kalian masih pake masker nga? disini udh pada lepas semua
ourlovelix,2022-07-09 14:05:22,@convomf Cape deh masker ku lepas
jiandrw,2022-07-09 12:59:31,@tttopshi iyaa anjirrr sampe pernah nangis gw gegara mau lepas masker ğŸ˜­ bukan panen komedo malah panen bulu ğŸ¤Œ
salzabillarm,2022-07-09 12:52:51,"@lookecosmetics pgn nyobain lipglossnya soalnya dah boleh lepas masker di outdoor hehehehe, minke..â¤ï¸"
xjohnnyseo,2022-07-09 12:29:23,"@stundaime WKWKWK kan gojo emang pake kacamata, trus ga bole lepas masker juga."
miluviluv,2022-07-09 11:16:05,"Lagi beli martabak tibaÂ² ada orang duduk di sebelah pake parfum yang wanginya sama kek dia, refleks lepas masker, wangi bgttt oik oik oik"
burningskylit,2022-07-09 10:00:48,"@Xuxiaoliz udah boleh lepas masker sih malahan kalo di ranah publik. jadi udah selonggar itu aturan cv19 di sanaaa.  kalo tracking tuh masih. cuma gini lho, kartu disobek dengan kartu discan itu kontak fiksiknya lebih tinggi kartu disobek kan? nah. -c-"
tinkbeI,2022-07-09 08:34:26,"@worksfess pas interview g buka masker, tapi kalo posisi frontliner biasanya disuruh lepas masker sebentar buat diliat looknya. habis itu disuruh pake lagi."
burningskylit,2022-07-09 07:47:55,"@lvjnlee7 @ncitybase_ Pemerintah udah longgarin peraturan kack, uda boleh triak, udah boleh lepas masker. Mungkin klo peraturannya ga longar bakal dapet tiket kartu. kakack bisa protes ke pemerintah korea kalau berkenan ğŸ™ğŸ»"
maskerbeningaye,2022-07-09 05:31:03,"@salshaindr Tapi aku masih muda tetep tahu Mas Yoyo ğŸ˜­

Nitip jualan ya, Kak. Makasih.

Masker KF94 transparan cocok buat kaum yg takut lepas masker tapi bete muka diumpetin mulu kek hubungan apa gitu.
Link produk ada di rep pinned post 
Rating&amp;jumlah terjual organik.
https://t.co/ukv5pwE7l1"
argantaraken,2022-07-09 05:19:32,"RT @lijaajadeh: Rekomendasi Pashmina Instan New Normal di Shopee

â­ gak usah pakai jarum pentul lagi, gak usah bongkar kerudung kalo mau leâ€¦"
maskerbeningaye,2022-07-09 05:06:08,"@seterahdeh Aku iri, tapi aku harus tetap jualan.

Nitip jualan ya, Kak. Makasih.

Masker KF94 transparan cocok buat kaumyg takut lepas masker tapi bete muka ditutupin kek hubungan kamu.
Link produk ada di rep pinned post. Rating&amp;jumlah terjual organik.

https://t.co/3eHtsYbhxL"
pengabditugas,2022-07-09 00:48:29,Idul adhanya pake kacamata dan ga lepas masker sama sekali wkwk
bougidewap,2022-07-09 00:01:37,"Jalan pulang dr Sholat IED, Dengan santai &amp; Polosnya mak-mak tadi manggil ku dengan sebutan nama org lain,  ya dah masker tag lepas siapa tau inget akuâ€¦ ternyata sama saja juga ndak tau,

Mau ketawa takut menghinaâ€¦"
lialiolia07,2022-07-08 23:06:28,"RT @lijaajadeh: Rekomendasi Pashmina Instan New Normal di Shopee

â­ gak usah pakai jarum pentul lagi, gak usah bongkar kerudung kalo mau leâ€¦"
im_nanhaa,2022-07-08 22:54:01,"Kebiasaan ngobrol dan cerita sama diri sendiri, apalagi pas di motor.
Perjalanan luar kota sendirian sengaja lewat jalur dalem perkampungan, pelosok-pelosok, (karena jln raya macet bgt) lepas helm, lepas masker, trus ngomong sendiri, pasti orang bingung aku ngapain ğŸ¤£ lupa bgt"
luvTIIwon,2022-07-08 22:36:29,"RT @nisrinazahira06: @tyunnswift Buat temen-temen yang nanti bakal ikut konser ke Jakarta jangan lupa bawa masker cadangan ya, stay healthyâ€¦"
munselanalogus,2022-07-08 16:43:25,"@ohmybeautybank jujur gatau, tp kalo lg dibonceng, sengaja lepas masker krn wanginya seenak itu &lt;3"
sibsong_meena,2022-07-08 15:50:37,@tanyakanrl ga pedeee. gue pke kacamata kalo lagi pke masker aja. trus kalo mau foto gue lepas kacamata gue
Infiresyunki_93,2022-07-08 15:41:34,"Padahal mereka gk ada yg tau muka gw kaya gimana wkwkwkwk, soalnya gw lepas masker kalo lg pada istirahat ke bawah, kalo liat muka gw kayanya langsung pada berubah ğŸ¤£ğŸ¤£ğŸ¤£"
Poourrgirl,2022-07-08 13:36:44,"Biar makin pede juga kl nanti udh boleh lepas masker, kitanya udh siap tampil dgn wajah yg sehat dan bersih. Aamiin."
ucynosure,2022-07-08 13:35:32,@sbyfess Boleh lepas tapi karena udh biasa pake jdi tetep aja pake masker
sbyfess,2022-07-08 13:34:26,"-rek ini di luar rumah kan sudah boleh lepas masker ya, berarti masuk indo alfa atau mall gitu juga udah boleh lepas masker?"
elpiscesss,2022-07-08 13:28:42,"@na_jaeminh iya sihh, cuman mau sampai kapan make masker, mulai sekarang, latih2 deh lepas masker"
na_jaeminh,2022-07-08 13:27:58,@elpiscesss ga pedeeeeğŸ˜­ğŸ˜­ plss lepas masker tuh berasa buka aibğŸƒ
elpiscesss,2022-07-08 13:26:16,"@na_jaeminh ahaha iyaqhh, lepas aja gapapa, takutnya entar gak bisa lepas lagi dari masker"
PebriYMS,2022-07-08 13:17:03,"Bisa-bisanya pas mau turun kakak itu bilang ""sampai jumpa lagi ya"" dan aku jawab ""wahh, iya kak semoga ketemu lagi ya"".
Padahal aku gadak lepas masker dari tadi, cuma aku yg tau muka kakak itu beserta suami dan 2 anaknya. TT"
gadulubeb,2022-07-08 12:33:01,ga jd beli mcd pdhl bm bnht. security kaku bngt orang mau makan psti lepas masker. krna masuk ga pke masker akhirnya ga dikasi masuk.
armytadd,2022-07-08 12:19:55,Baru aja mo lepas masker dh parno lg nemu garis dua ğŸ¥¹
cokordadira,2022-07-08 12:18:37,Sudah beberapa Hari ini naik taxi online @gojekindonesia ini serius driver kalian semua udah lepas masker??
itsmojachese,2022-07-08 12:05:50,Huaa  ktmn tmn smp di less ğŸ˜­ mana pas disapa  ga jwb lupa grgr dia pake masker tp akhirnya  dia lepas masker jg ğŸ‘‹ğŸ™‚ https://t.co/2kwJsJ8BQo
cangsembunyi,2022-07-08 12:02:46,"""Okee, senyum yaa 1, 2, 3!""
""Sekali lagi, tapi nanti lepas masker ya"" https://t.co/TTF8CQulFJ"
afbxxxx,2022-07-08 11:59:06,"Kalo pake masker cosplay jadi aki aki
Giliran lepas masker malah jadi wibu https://t.co/iA3KejjP1B"
gfriend_fess,2022-07-08 11:52:56,Gf! Tadi Viviz otw di mubank kenapa ga lepas masker ya? Apa mereka ga dibolehin lepas? Belum pake makeup? Atau emang lagi iseng aja? Lucu banget soalnyağŸ˜†
chocomendoan,2022-07-08 10:55:45,"RT @lijaajadeh: Rekomendasi Pashmina Instan New Normal di Shopee

â­ gak usah pakai jarum pentul lagi, gak usah bongkar kerudung kalo mau leâ€¦"
kepoandih,2022-07-08 10:36:13,"RT @lijaajadeh: Rekomendasi Pashmina Instan New Normal di Shopee

â­ gak usah pakai jarum pentul lagi, gak usah bongkar kerudung kalo mau leâ€¦"
CacaoTheo,2022-07-08 10:34:47,@tharntype__ Klo pas di dalam vila pasti lepas masker kok...ğŸ¤­
afbxxxx,2022-07-08 09:23:37,"@RidhaIntifadha Kalo lepas masker ga keliatan kaya engkong2 beda kalo pas pake masker kaya engkong2

Malah kalo diliat orang ini wibu akut, mendingan gausah pake masker biar ga keliatan kaya aki aki lagi"
tribunnewswiki,2022-07-08 08:41:53,"Ahli Epidemiologi dari Griffith University Australia Dicky Budiman meminta masyarakat agar tetap mematuhi protokol kesehatan saat perayaan Hari Raya Idul Adha pada Minggu, 10 Juli 2022.

https://t.co/dPr0IBoYRy"
collegemenfess,2022-07-08 08:25:14,"[cm] kalian kalau konsul/bimbingan tatap muka ke dosen, lepas masker ngga?"
a_erdhe,2022-07-08 08:05:45,"@diuthara Lekaspulih emang lag bnyak yg flu dan batuk nih disekitaran mas,maren akj jg gt nih yinggal sisa2nya..mknya ksrg kt4 bnyak itang masker gk lepas"
srtmkna,2022-07-08 07:55:34,"kemarin disuru lepas masker. pagi ini dilamar, dipikir mba-mba indomar*t. lama-lama ketularan halu pisan."
ohmybeautybank,2022-07-08 06:56:02,[BB] guys disini yang kulit nya acneprone cape bgt gasih setiap abis pake masker pas lepas udah numbuh jerawat ğŸ™ƒ padahal pake masker cuma 1-2 jam. Ada tips nya gak sih?
YoungRvl,2022-07-08 06:24:40,"@todayis_WR Ga di jakartaaaa. Di bali sama yogya. Udeh di dalem ruangan pada lepas masker, batuk pula. Bikin stres. Batuknya tuh ... Bukan batuk keselek mslhnya. Bikin ovt ğŸ™ƒ"
taeternityou,2022-07-08 05:57:15,"@yeyoosh ya udah sono ga pake masker sok bukan urusanku, tapi kalo peduli sama sekitar pake lah:)) setauku kalo di korea di outdoor udh boleh lepas masker tapi indoor masih pake

Oh bukan nonton txt ya sorry salah baca, ga ngira ada fans grup lain yg interact sama tweetku :))"
jmsuppkana,2022-07-08 05:18:30,"RT @nisrinazahira06: @tyunnswift Buat temen-temen yang nanti bakal ikut konser ke Jakarta jangan lupa bawa masker cadangan ya, stay healthyâ€¦"
16liIac,2022-07-08 05:13:27,masuk skolah tatap muka 100% dan aku ga bakal mau lepas masker ku sampe kapan pun ğŸ™ğŸ™ğŸ™
tyunnswift,2022-07-08 05:12:40,"RT @nisrinazahira06: @tyunnswift Buat temen-temen yang nanti bakal ikut konser ke Jakarta jangan lupa bawa masker cadangan ya, stay healthyâ€¦"
luvvsubin,2022-07-08 05:00:00,"RT @nisrinazahira06: @tyunnswift Buat temen-temen yang nanti bakal ikut konser ke Jakarta jangan lupa bawa masker cadangan ya, stay healthyâ€¦"
AnotherBoredFa1,2022-07-08 04:48:38,"RT @nisrinazahira06: @tyunnswift Buat temen-temen yang nanti bakal ikut konser ke Jakarta jangan lupa bawa masker cadangan ya, stay healthyâ€¦"
rahmanilia,2022-07-08 04:46:58,"Anak ibu ketularan flu huhu padahal ibu udah di masker 2lapis, anaknya gamau lepas nemplok mulu jd kena ğŸ¥²"
nisrinazahira06,2022-07-08 04:35:12,"@tyunnswift Buat temen-temen yang nanti bakal ikut konser ke Jakarta jangan lupa bawa masker cadangan ya, stay healthy. Maskernya jangan di lepas pas nanti interaksi sama anak-anak"
urfavsunset,2022-07-08 04:09:58,niat bgt make up pdhl keluar ngga bakal lepas helm sama masker
spillenakenak,2022-07-08 04:01:29,"RT @lijaajadeh: Rekomendasi Pashmina Instan New Normal di Shopee

â­ gak usah pakai jarum pentul lagi, gak usah bongkar kerudung kalo mau leâ€¦"
TatiSuherman,2022-07-08 03:47:52,@siwiragils Jangan sampai lepas masker
monbebe_me,2022-07-08 03:44:59,"@dearkihyuk ooo gtu..heuheuu iya serem ya
kalo sekitar gmn?
masih wfo dsini, bahkan ada yg lepas masker, kegiatan kumpul beramai2 dsekitar juga ada ğŸ¤§"
beomieseason,2022-07-08 03:37:21,@4beomgyui Kmrn pas tbz konser us tuh banyak yg kek gini jg.. lepas masker sama c word. Trus abis itu ada bbrp member yg kena c word sampe ada 2 negara jadinya di cancel karna ya itu membernya ada yg kena c wordğŸ˜­ğŸ˜­ plus aku gamau kejadian di tubatu
lovegyunotyou,2022-07-08 03:16:58,"@aeslilmxy kurang tau juga, mungkin awalnya make trus dia lepas. atau juga disana udh ga terlalu ditekenin buat masker (?)"
ddomogu,2022-07-08 03:16:06,ada ye orang lepas masker cakep banget gini https://t.co/W57ifJTprO
enhypensolon,2022-07-08 03:06:50,"@0X1_yawnzzn Fans inter tuh emg rada"", fandom mana aja sukanya begitu
Klo lepas masker tuh udh lama banget, klo ada konser bahkan penuh bgg org ga pake masker
Masalahnya ini indoor, scr ga lgsg fans inter ga respek sm artisnya dih kocak"
sweaterpawyj,2022-07-08 02:53:26,kok bisa kelolosan gak bawa masker. apa krn disana udah boleh lepas trus ada yg gak make gapapa
enhypensolon,2022-07-08 02:44:51,"Gue tuh ga kaget sm orang sono yg udh pada lepas masker, tp plis minimal respek kek YAALLAH MARAH BGT https://t.co/FXCRQ8QgMH"
temangelapku,2022-07-08 02:31:08,@sukaestehjumbo Kan bole lepas masker sm pak presiden
dununeulgama,2022-07-08 02:28:39,guys besok yang mau dateng ke konser txt jkt pls wear mask ya.... atau kalau mau bagi2 freebies bisa kasi masker aja biar kalo ada yang mau bandel lepas masker kesindir wkwkkwk
romantoic,2022-07-08 02:26:22,@bobabinx sumpahh takut bgt :((( mana tadi tubatu pada turun terus ada yg lepas masker jugağŸ˜­
Samuel_JBudiono,2022-07-08 02:20:03,@seasalt_latte Soo... di tempat kerja lepas masker?
oryyzt,2022-07-08 02:16:34,@haengbokhan_ mau memaklumi karna disana emang udah banyak lepas masker cuma ya... takut wakğŸ˜­
hortensilovey,2022-07-08 02:10:06,@soobintel Mana banyak yg lepas masker ADUHHHH MAU MARAH
fauzanfess,2022-07-08 02:06:47,"Kak! Temanku pada ribut soal ospek ga boleh pake makeup, memang kita nanti ospek lepas masker ya?"
beomdesu,2022-07-08 01:51:39,goblok yg lepas masker orang goblok
lawwnzn,2022-07-08 01:40:05,Dsna pda susah pake masker kah? Dibeberapa fancam banyak jg yg lepas masker
deternalyoon,2022-07-08 01:34:03,@fairyhuee udah boleh lepas masker kan per mei kemarin tpi kalo emang masih ramai seharusnya wajib pake sib
mienovtana2,2022-07-08 01:08:15,"RT @lijaajadeh: Rekomendasi Pashmina Instan New Normal di Shopee

â­ gak usah pakai jarum pentul lagi, gak usah bongkar kerudung kalo mau leâ€¦"
soobinitty,2022-07-07 23:26:37,disana udh lepas masker ya?
sputnikily45,2022-07-07 23:19:30,"@moanamenfess di us sadly udh byk yg lepas nder setauku ğŸ¥²
tp krn bg sebelah kmrn ada yg kena cvd trs konsernya dipending jd us moa langsung siaga 1 ngingetin pake masker"
kristiono73,2022-07-07 22:41:09,@bebesushi18 Masker lepas dulu
OkeYansyah,2022-07-07 19:43:39,"RT @unkwn6969: Lagi hamil, baru pulang dari kampus belum ganti baju, belum mandi, udah langsung digenjot sama temen se kost, digenjot kenceâ€¦"
rayenisme,2022-07-07 19:23:06,"Dari kamis 30 Juni, circle terdekat di kantor mulai banyak yg positive covid. Gue denial. Ngga ahh, gue ga covid. Gue sehat-sehat aja nih. Sayang juga antrian dokter giginya kalo w kopit. Gue sehat kok. Imun gue bagus! Kata gue yang udah mulai lepas masker, jarang (cont)"
Anggrai5Nur,2022-07-07 18:56:24,RT @nurrlailiii: ga mau lepas tu maskerğŸ˜Œ https://t.co/4VZGg7HXAu
hell22444,2022-07-07 18:50:38,"RT @sri_feli_: Jangan bangga dipanggil sayang, makanan yang jatuh ke lantai belum satu menit juga namanya ""sayang"", eh.... 
â˜ºâ˜ºâ˜º

Gaes pandeâ€¦"
Samuel_JBudiono,2022-07-07 18:09:02,@seasalt_latte Lepas masker di kantor?
xslbccdks_xoklt,2022-07-07 18:08:46,"@sweetdesireee hahahaha, motto jongdae: gpp topi lepas pasang, yang penting pake masker!"
ttaecantik,2022-07-07 16:43:31,"dulu gue sedramatis itu anjir, tiap pke masker telinga gue sakit naudzubillah. terus pas lepas masker pasti slalu teriak2 astaghfirullah ya AllahğŸ˜­ sampe temen gue panik dikira gue kenapa2 taunya gara2 lepas masker doang wkwkwkw"
cliesthaa,2022-07-07 16:34:53,"@msbb_id Mimin peri mau inii, karena kulitku banyak bekas jerawat merahnya (PIE) dan udah coba skincarean ga sembuhâ€, dan aku memutuskan untuk coba makeup buat nutupin biar bisa pede kalo lepas masker, anw done all rules &amp; wish me lucky!! https://t.co/pfS6FTgwO1"
bismillahthv30,2022-07-07 15:49:29,"RT @KTHIndonesia: Cameo Taehyung di MV MORE

ğŸ¯ Haruskah aku menjadi maneken juga? Tinggal sebut saja, aku juga bisa jadi maneken
ğŸ¿ï¸ Penampiâ€¦"
Xjati86,2022-07-07 14:57:52,"RT @fahiraidris: Terlebih saat ini, mulai terjadi peningkatan jumlah kasus terutama di Jabodetabek. Masker itu protokol kesehatan paling miâ€¦"
fahiraidris,2022-07-07 14:52:02,"Terlebih saat ini, mulai terjadi peningkatan jumlah kasus terutama di Jabodetabek. Masker itu protokol kesehatan paling minimal, paling efektif dan mudah melindungi kita dan melindungi orang lain. Mungkin nanti, jika pandemi ini sudah menjadi endemi, kita bisa lepas masker. https://t.co/t7v2eFQOyH"
jagahati_ok,2022-07-07 14:45:15,"Waktu pake masker dipanggil ""pak"" sama bu bidan. 

Saat urus administrasi, ketika maskernya ku lepas (agar suaraku lebih jelas) panggilan dari beliau seketika berubah ""mas.."" ğŸ˜‚"
jaeminingie,2022-07-07 14:09:36,"@muzzyspuffy aslinya style mrk not my problem ya, tapi mrk tuh habitnya yg ga bgtğŸ˜­ masa di krl lepas masker trs ngemper dibawahğŸ˜­"
cocoonsoo,2022-07-07 13:57:54,@ullxxamm Lepas masker next nyağŸ˜—
MartaArdy,2022-07-07 13:43:51,"Bukti otentik bahwa vax berjilid tidak menanggulangi virus Wuhan flu.  Alat test juga bukan tolok ukur kopit. 

Lepas masker, terapkan pola hidup sehat tanpa harus vaksin itu adalah solusi terbaik. https://t.co/YAe6ijbhRg"
anyaimoed,2022-07-07 13:19:59,"@sukaskincarean udah dari lama pengen banget nyoba ini kak yumm tapi belum kesampean duit nya kepake buat yang lain hehe, lagian insecure banget sama bekas jerawat mana udah offline udah lepas masker juga huhuhu https://t.co/Caut1r5YAD"
nurrlailiii,2022-07-07 13:16:43,ga mau lepas tu maskerğŸ˜Œ https://t.co/4VZGg7HXAu
jeongwoosoul,2022-07-07 12:41:24,WOI SHSNSJSMSK earpods GUE ILANG SEBELAH NJING SEREM DEMIALLh lu tau GA kan gue mau buka masker tu kan TRS EMG LAGI DIPAKE DIKUPING DUA DUANYNHA smbil dngerin lagu (ini di mobil) TRS pas gue lepas masker si earpods kirinya ikut COPOT pas gue cari gaada njinh gmn ini @lullabwie
kidstsune,2022-07-07 11:43:49,"vernon tuh bener-bener suka jalan iseng kemana gitu tanpa tujuan sendiri yaa terus starter pack nya selalu sama, beanie, masker, headphones, backpacker nya yang ga pernah dia lepas itu ğŸ˜© https://t.co/p9ETDqzwsi"
yeonjunoe,2022-07-07 11:39:04,"@doyeonszip akhirnya udah lepas kacamata sama masker, feel good?"
kylo1208,2022-07-07 11:37:10,nonton thor jgn lepas masker ya gais ğŸ˜¢ğŸ˜¢ğŸ˜¢ malu mesem2 ğŸ˜
